"","Topic 1","Topic 2","Topic 3","Topic 4","Topic 5","Topic 6","Topic 7"
"1","hours","event","friend","thesis","madurai","deployment","day"
"2","surprise","buy","time","cinema","cab","someones","moment"
"3","cat","managed","day","german","character","eagle","friend"
"4","people","book","watched","thailand","dorothy","hectic","time"
"5","park","city","played","tablet","butterfly","pay","life"
"6","hard","won","finally","sorority","cashback","stepson","family"
"7","hit","exam","found","mum","dennis","recreate","enjoyed"
"8","party","university","dinner","upbeat","enthusiastic","audition","feel"
"9","meet","degree","night","colour","lazy","straightened","birthday"
"10","met","prepared","home","diy","abodes","gluten","surprise"
"11","pizza","country","game","mvp","act","loot","home"
"12","decided","words","family","outstanding","combination","matter","celebrated"
"13","hadnt","remember","daughter","plain","exhausted","unlike","school"
"14","picked","drink","job","revisions","exposed","alma","sister"
"15","ice","match","son","tim","familyi","meaningful","love"
"16","left","read","nice","undergraduate","hilarious","mocha","movie"
"17","evening","moment","favorite","bout","intermediate","surpassed","party"
"18","ride","writing","husband","fraternity","itit","boyfriend","temple"
"19","check","birds","wife","housemate","mitzvah","humming","gift"
"20","minutes","street","feel","madrid","parlor","miles","met"
"21","drink","travel","received","plagued","reflect","thumb","brother"
"22","concert","laptop","bought","tulips","romantic","wisconsin","people"
"23","hang","singing","morning","whilst","showroom","aircraft","meet"
"24","grocery","tea","dog","barcelona","travel","caribbean","shopping"
"25","tonight","return","love","dandelions","verge","dozen","parents"
"26","baseball","score","started","division","workload","elementary","bought"
"27","students","note","enjoyed","exhausted","bot","hamster","marriage"
"28","looked","decided","visit","father","brainstorming","healthcare","son"
"29","gym","tasty","birthday","gown","bridge","july","office"
"30","weather","happened","house","inexpensive","clinton","keeping","purchased"
